,id,image_url,user_id,created_date
0,1,http://elijah.biz,1,13-04-2023 08:04
1,2,https://shanon.org,1,13-04-2023 08:04
2,3,http://vicky.biz,1,13-04-2023 08:04
3,4,http://oleta.net,1,13-04-2023 08:04
4,5,https://jennings.biz,1,13-04-2023 08:04
5,6,https://quinn.biz,2,13-04-2023 08:04
6,7,https://selina.name,2,13-04-2023 08:04
7,8,http://malvina.org,2,13-04-2023 08:04
8,9,https://branson.biz,2,13-04-2023 08:04
9,10,https://elenor.name,3,13-04-2023 08:04
10,11,https://marcelino.com,3,13-04-2023 08:04
11,12,http://felicity.name,3,13-04-2023 08:04
12,13,https://fred.com,3,13-04-2023 08:04
13,14,https://gerhard.biz,4,13-04-2023 08:04
14,15,https://sherwood.net,4,13-04-2023 08:04
15,16,https://maudie.org,4,13-04-2023 08:04
16,17,http://annamae.name,6,13-04-2023 08:04
17,18,https://mac.org,6,13-04-2023 08:04
18,19,http://miracle.info,6,13-04-2023 08:04
19,20,http://emmet.com,6,13-04-2023 08:04
20,21,https://lisa.com,6,13-04-2023 08:04
21,22,https://brooklyn.name,8,13-04-2023 08:04
22,23,http://madison.net,8,13-04-2023 08:04
23,24,http://annie.name,8,13-04-2023 08:04
24,25,http://darron.info,8,13-04-2023 08:04
25,26,http://saige.com,9,13-04-2023 08:04
26,27,https://reece.net,9,13-04-2023 08:04
27,28,http://vance.org,9,13-04-2023 08:04
28,29,http://ignacio.net,9,13-04-2023 08:04
29,30,http://kenny.com,10,13-04-2023 08:04
30,31,http://remington.name,10,13-04-2023 08:04
31,32,http://kurtis.info,10,13-04-2023 08:04
32,33,https://alisha.com,11,13-04-2023 08:04
33,34,https://henderson.com,11,13-04-2023 08:04
34,35,http://bonnie.info,11,13-04-2023 08:04
35,36,http://kennith.net,11,13-04-2023 08:04
36,37,http://camille.name,11,13-04-2023 08:04
37,38,http://alena.net,12,13-04-2023 08:04
38,39,http://ralph.name,12,13-04-2023 08:04
39,40,https://tyshawn.com,12,13-04-2023 08:04
40,41,https://adella.net,12,13-04-2023 08:04
41,42,https://cielo.info,13,13-04-2023 08:04
42,43,https://easter.net,13,13-04-2023 08:04
43,44,http://golden.org,13,13-04-2023 08:04
44,45,http://kendall.biz,13,13-04-2023 08:04
45,46,https://glenda.info,13,13-04-2023 08:04
46,47,http://dominic.biz,15,13-04-2023 08:04
47,48,http://tressie.info,15,13-04-2023 08:04
48,49,http://estevan.org,15,13-04-2023 08:04
49,50,http://zena.com,15,13-04-2023 08:04
50,51,https://abagail.com,16,13-04-2023 08:04
51,52,https://hershel.com,16,13-04-2023 08:04
52,53,http://collin.com,16,13-04-2023 08:04
53,54,https://clair.com,16,13-04-2023 08:04
54,55,https://deondre.com,17,13-04-2023 08:04
55,56,http://tristin.name,17,13-04-2023 08:04
56,57,http://kirk.org,17,13-04-2023 08:04
57,58,https://modesta.info,18,13-04-2023 08:04
58,59,http://rylan.biz,19,13-04-2023 08:04
59,60,https://noemie.com,19,13-04-2023 08:04
60,61,https://dejon.name,20,13-04-2023 08:04
61,62,https://rigoberto.net,22,13-04-2023 08:04
62,63,http://megane.biz,23,13-04-2023 08:04
63,64,http://emmalee.org,23,13-04-2023 08:04
64,65,http://nathan.net,23,13-04-2023 08:04
65,66,http://lionel.net,23,13-04-2023 08:04
66,67,http://danyka.net,23,13-04-2023 08:04
67,68,https://woodrow.com,23,13-04-2023 08:04
68,69,http://harvey.info,23,13-04-2023 08:04
69,70,http://aiden.org,23,13-04-2023 08:04
70,71,https://tito.name,23,13-04-2023 08:04
71,72,https://julian.net,23,13-04-2023 08:04
72,73,https://mafalda.org,23,13-04-2023 08:04
73,74,http://verner.org,23,13-04-2023 08:04
74,75,https://elmore.org,26,13-04-2023 08:04
75,76,http://kasandra.com,26,13-04-2023 08:04
76,77,https://jarret.info,26,13-04-2023 08:04
77,78,http://einar.net,26,13-04-2023 08:04
78,79,http://terry.info,26,13-04-2023 08:04
79,80,https://holden.com,27,13-04-2023 08:04
80,81,https://jacinto.org,28,13-04-2023 08:04
81,82,https://geoffrey.info,28,13-04-2023 08:04
82,83,http://paxton.com,28,13-04-2023 08:04
83,84,https://trinity.biz,28,13-04-2023 08:04
84,85,http://fabiola.org,29,13-04-2023 08:04
85,86,https://bryce.org,29,13-04-2023 08:04
86,87,http://emery.net,29,13-04-2023 08:04
87,88,https://marian.biz,29,13-04-2023 08:04
88,89,https://kennedi.org,29,13-04-2023 08:04
89,90,https://fanny.net,29,13-04-2023 08:04
90,91,http://lottie.net,29,13-04-2023 08:04
91,92,http://lacy.biz,29,13-04-2023 08:04
92,93,https://jensen.name,30,13-04-2023 08:04
93,94,http://virginia.org,30,13-04-2023 08:04
94,95,https://ariel.net,31,13-04-2023 08:04
95,96,http://roger.info,32,13-04-2023 08:04
96,97,https://carolanne.com,32,13-04-2023 08:04
97,98,https://margarita.info,32,13-04-2023 08:04
98,99,https://kayden.biz,32,13-04-2023 08:04
99,100,https://brook.com,33,13-04-2023 08:04
100,101,https://gust.net,33,13-04-2023 08:04
101,102,http://bridie.name,33,13-04-2023 08:04
102,103,http://barton.name,33,13-04-2023 08:04
103,104,https://karina.biz,33,13-04-2023 08:04
104,105,https://mariam.com,35,13-04-2023 08:04
105,106,https://trycia.com,35,13-04-2023 08:04
106,107,https://everette.biz,37,13-04-2023 08:04
107,108,http://boris.biz,38,13-04-2023 08:04
108,109,http://arthur.name,38,13-04-2023 08:04
109,110,https://cesar.com,39,13-04-2023 08:04
110,111,http://charlie.com,40,13-04-2023 08:04
111,112,https://lina.biz,42,13-04-2023 08:04
112,113,https://darwin.net,42,13-04-2023 08:04
113,114,https://aliyah.biz,42,13-04-2023 08:04
114,115,http://euna.info,43,13-04-2023 08:04
115,116,https://maymie.net,43,13-04-2023 08:04
116,117,http://joanie.name,43,13-04-2023 08:04
117,118,http://whitney.net,43,13-04-2023 08:04
118,119,http://garrison.name,43,13-04-2023 08:04
119,120,https://olga.org,44,13-04-2023 08:04
120,121,https://donavon.org,44,13-04-2023 08:04
121,122,http://moses.biz,44,13-04-2023 08:04
122,123,http://shannon.org,44,13-04-2023 08:04
123,124,http://kendrick.net,46,13-04-2023 08:04
124,125,https://carey.com,46,13-04-2023 08:04
125,126,http://lia.biz,46,13-04-2023 08:04
126,127,https://celestine.name,46,13-04-2023 08:04
127,128,http://laila.info,47,13-04-2023 08:04
128,129,http://buddy.com,47,13-04-2023 08:04
129,130,http://americo.biz,47,13-04-2023 08:04
130,131,http://lurline.info,47,13-04-2023 08:04
131,132,http://kailee.org,47,13-04-2023 08:04
132,133,https://edyth.com,48,13-04-2023 08:04
133,134,https://isaias.biz,50,13-04-2023 08:04
134,135,http://rosetta.net,50,13-04-2023 08:04
135,136,https://marianna.info,50,13-04-2023 08:04
136,137,https://roel.org,51,13-04-2023 08:04
137,138,http://julia.info,51,13-04-2023 08:04
138,139,https://seamus.org,51,13-04-2023 08:04
139,140,https://earline.info,51,13-04-2023 08:04
140,141,http://quinten.info,51,13-04-2023 08:04
141,142,https://dolores.org,52,13-04-2023 08:04
142,143,https://aimee.info,52,13-04-2023 08:04
143,144,https://roderick.name,52,13-04-2023 08:04
144,145,https://jarret.name,52,13-04-2023 08:04
145,146,https://cathrine.com,52,13-04-2023 08:04
146,147,https://adela.com,55,13-04-2023 08:04
147,148,https://demarco.com,56,13-04-2023 08:04
148,149,https://lila.biz,58,13-04-2023 08:04
149,150,http://ruben.net,58,13-04-2023 08:04
150,151,https://alia.name,58,13-04-2023 08:04
151,152,http://rickey.name,58,13-04-2023 08:04
152,153,http://janie.com,58,13-04-2023 08:04
153,154,http://myron.org,58,13-04-2023 08:04
154,155,http://pearl.info,58,13-04-2023 08:04
155,156,http://victoria.biz,58,13-04-2023 08:04
156,157,https://carmella.com,59,13-04-2023 08:04
157,158,http://leo.com,59,13-04-2023 08:04
158,159,http://jedediah.net,59,13-04-2023 08:04
159,160,http://sedrick.net,59,13-04-2023 08:04
160,161,https://clare.org,59,13-04-2023 08:04
161,162,https://malcolm.name,59,13-04-2023 08:04
162,163,https://lesly.com,59,13-04-2023 08:04
163,164,https://roberta.net,59,13-04-2023 08:04
164,165,https://estell.info,59,13-04-2023 08:04
165,166,http://kaleigh.biz,59,13-04-2023 08:04
166,167,http://blanca.org,60,13-04-2023 08:04
167,168,http://delpha.com,60,13-04-2023 08:04
168,169,http://annabelle.org,61,13-04-2023 08:04
169,170,http://ephraim.com,62,13-04-2023 08:04
170,171,https://dameon.name,62,13-04-2023 08:04
171,172,https://julianne.org,63,13-04-2023 08:04
172,173,https://jasmin.biz,63,13-04-2023 08:04
173,174,https://delbert.net,63,13-04-2023 08:04
174,175,https://norval.com,63,13-04-2023 08:04
175,176,https://jessy.name,64,13-04-2023 08:04
176,177,https://nolan.name,64,13-04-2023 08:04
177,178,http://devon.info,64,13-04-2023 08:04
178,179,http://ora.net,64,13-04-2023 08:04
179,180,https://vivien.com,64,13-04-2023 08:04
180,181,https://hilda.info,65,13-04-2023 08:04
181,182,https://dorcas.biz,65,13-04-2023 08:04
182,183,http://hettie.net,65,13-04-2023 08:04
183,184,http://rico.biz,65,13-04-2023 08:04
184,185,http://jody.biz,65,13-04-2023 08:04
185,186,http://sheila.com,67,13-04-2023 08:04
186,187,http://germaine.name,67,13-04-2023 08:04
187,188,https://mariane.org,67,13-04-2023 08:04
188,189,http://reva.com,69,13-04-2023 08:04
189,190,https://llewellyn.info,70,13-04-2023 08:04
190,191,http://ellen.info,72,13-04-2023 08:04
191,192,https://anahi.info,72,13-04-2023 08:04
192,193,https://javonte.org,72,13-04-2023 08:04
193,194,http://florine.org,72,13-04-2023 08:04
194,195,http://marcellus.info,72,13-04-2023 08:04
195,196,http://stan.biz,73,13-04-2023 08:04
196,197,http://jarred.net,77,13-04-2023 08:04
197,198,http://jovanny.net,77,13-04-2023 08:04
198,199,http://linnie.com,77,13-04-2023 08:04
199,200,http://dino.name,77,13-04-2023 08:04
200,201,https://jane.net,77,13-04-2023 08:04
201,202,http://laney.name,77,13-04-2023 08:04
202,203,http://trever.org,78,13-04-2023 08:04
203,204,http://emilie.net,78,13-04-2023 08:04
204,205,http://ted.info,78,13-04-2023 08:04
205,206,http://keshawn.org,78,13-04-2023 08:04
206,207,http://ole.info,78,13-04-2023 08:04
207,208,https://ford.biz,79,13-04-2023 08:04
208,209,https://humberto.org,82,13-04-2023 08:04
209,210,http://penelope.info,82,13-04-2023 08:04
210,211,https://dimitri.info,84,13-04-2023 08:04
211,212,http://cynthia.info,84,13-04-2023 08:04
212,213,http://princess.org,85,13-04-2023 08:04
213,214,https://ruthie.info,85,13-04-2023 08:04
214,215,https://evan.name,86,13-04-2023 08:04
215,216,http://deontae.org,86,13-04-2023 08:04
216,217,https://timmy.info,86,13-04-2023 08:04
217,218,http://susie.info,86,13-04-2023 08:04
218,219,http://hollis.com,86,13-04-2023 08:04
219,220,https://colt.org,86,13-04-2023 08:04
220,221,http://lucio.org,86,13-04-2023 08:04
221,222,http://germaine.org,86,13-04-2023 08:04
222,223,http://howard.net,86,13-04-2023 08:04
223,224,http://helena.name,87,13-04-2023 08:04
224,225,https://celestino.name,87,13-04-2023 08:04
225,226,http://violet.info,87,13-04-2023 08:04
226,227,http://nigel.biz,87,13-04-2023 08:04
227,228,https://noble.net,88,13-04-2023 08:04
228,229,https://emilia.org,88,13-04-2023 08:04
229,230,http://destini.net,88,13-04-2023 08:04
230,231,https://mariano.net,88,13-04-2023 08:04
231,232,https://brittany.org,88,13-04-2023 08:04
232,233,https://madaline.name,88,13-04-2023 08:04
233,234,https://devonte.name,88,13-04-2023 08:04
234,235,https://blanche.net,88,13-04-2023 08:04
235,236,http://cali.net,88,13-04-2023 08:04
236,237,http://mekhi.name,88,13-04-2023 08:04
237,238,http://adela.com,88,13-04-2023 08:04
238,239,https://devan.com,92,13-04-2023 08:04
239,240,https://jarrett.name,92,13-04-2023 08:04
240,241,https://sid.biz,92,13-04-2023 08:04
241,242,https://jadyn.name,93,13-04-2023 08:04
242,243,https://erik.com,93,13-04-2023 08:04
243,244,http://freeda.biz,94,13-04-2023 08:04
244,245,http://ayden.name,95,13-04-2023 08:04
245,246,https://kathleen.biz,95,13-04-2023 08:04
246,247,https://helmer.org,96,13-04-2023 08:04
247,248,https://maggie.info,96,13-04-2023 08:04
248,249,https://cecilia.net,96,13-04-2023 08:04
249,250,http://ayla.org,97,13-04-2023 08:04
250,251,https://elyssa.biz,97,13-04-2023 08:04
251,252,http://jennie.com,98,13-04-2023 08:04
252,253,http://ryleigh.info,99,13-04-2023 08:04
253,254,https://darien.name,99,13-04-2023 08:04
254,255,https://xzavier.org,99,13-04-2023 08:04
255,256,https://kaela.name,100,13-04-2023 08:04
256,257,http://dedrick.info,100,13-04-2023 08:04
